Speaker,Detail
AI,こんにちは！最近、体調はどうですか？何か新しい運動を始めたり、リラックスする時間を作ったりしていますか？
User,体調は結構いいです．週に４回は筋トレをしていて，その効果が現れている気がします．
AI,それは素晴らしいですね！筋トレを定期的に行っていると体も心も元気になりますよね。何か特に集中している部位や好きなエクササイズはありますか？また、筋トレの後に特別なリカバリー方法を使っているのかな？
User,胸のトレーニングが特に好きです．リカバリー方法はタンパク質を摂取することですかね
AI,胸トレが好きとはいいですね！バンクやダンベルプレスなどが入っているのかな？タンパク質をしっかり摂るのは筋肉の回復にとても大切ですね。どんなタンパク質をよく摂るようにしていますか？プロテインシェイクを使っているのか、それとも食事で積極的に取り入れていますか？
User,プロテインをよく飲むようにしているのと，普段もタンパク質が多く含まれる食事を選択するようにしています
AI,いい戦略ですね！プロテインは手軽で効率的にタンパク質を摂取できるから便利ですよね。どんなフレーバーのプロテインがお好みですか？また、タンパク質が多いお気に入りの食事はありますか？これらを組み合わせることで、筋トレの効果も最大化できそうですね。
User,フレーバーはヨーグルトとミルクティーが好きです
AI,ヨーグルトとミルクティーのフレーバー、美味しそうですね！さわやかなヨーグルトと甘いミルクティーのバランスが良さそう。それらを飲むのはトレーニングの前後どちらが多いですか？また、飲むタイミングによって違いを感じることはありますか？
User,トレーニングごと朝摂取しています
AI,トレーニング後と朝にプロテインを取るのは、筋肉の修復と成長を助けるのに効果的なタイミングですね。朝にプロテインを摂ることで、一日のエネルギーレベルも安定するかもしれません。朝のルーチンで他に何か気を付けていることはありますか？例えば、特定の朝食を食べたり、ストレッチをしたりするなど。
User,特に意識できてないけど，朝ごはんは欠かさず摂るようにしたいとは思っています．
AI,朝ごはんをしっかりとるのは、一日の始まりにエネルギーを得るためにも大切ですね。朝食で好んで食べるものはありますか？例えば、エネルギーをしっかり補給できるような食べ物や、さっぱりとしたものが好みかもしれませんね。それに合わせて、朝の時間を快適に過ごすための小さな工夫もあるといいかもしれませんね。何か試してみたい朝の習慣はありますか？
